{
  "trial_id": 170,
  "genome_length": 14,
  "win_rate": 0.55,
  "num_games": 20,
  "num_solved": 11,
  "avg_guesses_solved": 1.5454545454545454,
  "median_guesses_solved": 1.0,
  "avg_target_abs": 89464.13583333333,
  "mean_runtime_sec": 4.213105505000044,
  "total_runtime_sec": 84.26211010000088,
  "score": 50.363636363636374,
  "evo_pop_size": 328,
  "evo_genome_length": 20,
  "evo_generations_per_guess": 40,
  "evo_tournament_size": 5,
  "evo_crossover_rate": 0.36124634543285766,
  "evo_mutation_rate": 0.20592153966634022,
  "evo_elite_fraction": 0.012177498683403915,
  "evo_mid_fraction": 0.4069692877188521,
  "fit_error_tolerance": 57.88861535718432,
  "fit_value_weight": 1.4842691645126653,
  "fit_green_bonus": 5.099887079500556,
  "fit_low_gray_bonus": 2.431317210445745,
  "fit_diversity_bonus_per_symbol": 0.8637546735569313,
  "fit_diversity_min_symbols": 5
}