{
  "trial_id": 186,
  "genome_length": 21,
  "win_rate": 0.9,
  "num_games": 20,
  "num_solved": 18,
  "avg_guesses_solved": 2.9,
  "median_guesses_solved": 2.0,
  "avg_target_abs": 114540.95249999998,
  "mean_runtime_sec": 11.085091600000123,
  "total_runtime_sec": 221.70183200000247,
  "score": 81.3,
  "evo_pop_size": 1239,
  "evo_genome_length": 20,
  "evo_generations_per_guess": 35,
  "evo_tournament_size": 4,
  "evo_crossover_rate": 0.68756863456777,
  "evo_mutation_rate": 0.23007673243270452,
  "evo_elite_fraction": 0.07604353060230573,
  "evo_mid_fraction": 0.3916856727984359,
  "evo_min_char_index": 4,
  "fit_wrong_value_penalty": 25.37482901234567,
  "fit_error_tolerance": 74.00445688934916,
  "fit_value_weight": 0.9466967470370222,
  "fit_green_bonus": 3.4076858135028565,
  "fit_low_gray_bonus": 1.3408364368091386,
  "fit_diversity_bonus_per_symbol": 0.5725466722686324,
  "fit_diversity_min_symbols": 5,
  "fit_history_incopatibility_penalty": 15.6789123456789,
  "fit_repeat_guess_penalty": 32.08521872796858
}